"","location","measure","mean","min","max","median","mean_rank","max_rank"
"1","Achara","Ammonium",0.11542962962963,0,0.912,0.076,10,10
"2","Achara","Anionic active surfactants",0.0194285714285714,0,0.034,0.034,9,10
"3","Achara","Arsenic",0.788709677419355,0,2.4,0.9,8,9
"4","Achara","Atrazine",0.00473333333333333,0,0.213,0,8,8
"5","Achara","Bicarbonates",117.648275862069,85.4,170.8,115.9,10,10
"6","Achara","Biochemical Oxygen",2.31025641025641,0.5,5.9,2.2,7,10
"7","Achara","Cadmium",0.165,0,0.5,0.25,10,10
"8","Achara","Calcium",36.876404494382,24.5,54.2,35.6,10,10
"9","Achara","Carbonates",140.3,140.3,140.3,140.3,1,1
"10","Achara","Chemical Oxygen Demand (Cr)",6.87083333333333,0,23,6.5,10,10
"11","Achara","Chemical Oxygen Demand (Mn)",2.78230769230769,0,7.4,2.7,10,10
"12","Achara","Chlorides",10.6386363636364,5.4,22.1,10.2,10,10
"13","Achara","Chromium",0.319298245614035,0,3.8,0,10,10
"14","Achara","Copper",4.65967741935484,0,56,2.9,10,9
"15","Achara","Cyanides",0.0025,0.0025,0.0025,0.0025,5,7
"16","Achara","Dissolved oxygen",10.0099166666667,6.4,15.1,9.8,2,4
"17","Achara","Dissolved silicates",5.24851136363636,0,16.833,5.462,3,3
"18","Achara","gamma-Hexachlorocyclohexane",0,0,0,0,10,10
"19","Achara","Inorganic nitrogen",1.62375,0.15,3.759,1.4505,2,3
"20","Achara","Iron",0.1975,0.08,0.38,0.195,9,10
"21","Achara","Lead",0.928571428571429,0,7.8,0.5,10,9
"22","Achara","Macrozoobenthos",2.37,2.37,2.37,2.37,2,9
"23","Achara","Magnesium",6.3247191011236,2.2,20.4,6.1,10,10
"24","Achara","Manganese",0.08855,0,0.9,0.0355,10,9
"25","Achara","Mercury",0.2092375,0,1,0,2,4
"26","Achara","Nickel",1.33125,0,16.9,0,10,8
"27","Achara","Nitrates",1.18524281481481,0.21,3.73126,1.08,8,7
"28","Achara","Nitrites",0.0339422222222222,0.003,0.21,0.024,7,8
"29","Achara","Organic nitrogen",0.313505617977528,0,2.12,0.24,3,2
"30","Achara","Orthophosphate-phosphorus",0.0924222222222222,0,0.53,0.057,2,5
"31","Achara","Oxygen saturation",93.3055555555556,76,125,93,2,6
"32","Achara","p,p-DDT",0,0,0,0,10,10
"33","Achara","Petroleum hydrocarbons",0.0130810810810811,0,0.16,0,10,10
"34","Achara","Potassium",2.98333333333333,2.1,4.2,2.6,7,10
"35","Achara","Silica (SiO2)",9.45833333333333,4.3,18.3,8.9,1,5
"36","Achara","Sodium",9.85909090909091,5.2,19.5,8.65,10,10
"37","Achara","Sulphates",25.3954545454545,12.7,47,24.45,10,10
"38","Achara","Total coliforms",5478.33333333333,170,16090,175,1,1
"39","Achara","Total dissolved salts",176.035714285714,108,254,175,10,10
"40","Achara","Total hardness",115.126666666667,78.2,161.3,113.05,9,10
"41","Achara","Total nitrogen",1.64938345864662,0,5.67,1.5,9,5
"42","Achara","Total organic carbon",2.4755,2.15,3.37,2.395,9,9
"43","Achara","Total phosphorus",0.149358208955224,0.022,0.82,0.106,3,6
"44","Achara","Water temperature",13.6294117647059,1,26,13,7,10
"45","Achara","Zinc",9.78666666666667,3,41,6,10,10
"46","Boonsri","1,2,3-Trichlorobenzene",0.001,0.001,0.001,0.001,2,2
"47","Boonsri","1,2,4-Trichlorobenzene",0.001,0.001,0.001,0.001,2,2
"48","Boonsri","Acenaphthene",0.00360033333333333,0.003,0.03126,0.003,1,1
"49","Boonsri","Acenaphthylene",0.004,0.004,0.004,0.004,2,2
"50","Boonsri","AGOC-3A",3.95245054945055,0.002,226.904,0.283,1,1
"51","Boonsri","Alachlor",0.186088888888889,0,0.86,0.146,1,1
"52","Boonsri","Aldrin",0.0405861904761905,0,0.365,0.0145,5,4
"53","Boonsri","alpha-Hexachlorocyclohexane",0.0193311688311688,0,0.145,0.005,4,5
"54","Boonsri","Ammonium",0.227492725409836,0,3.986,0.17,9,5
"55","Boonsri","Anionic active surfactants",0.065812030075188,0,0.333,0.05,5,7
"56","Boonsri","Anthracene",0.00652446666666667,0.005,0.02402,0.005,7,1
"57","Boonsri","AOX",12.9301369863014,0,54,14.55,2,1
"58","Boonsri","Arsenic",0.403131386861314,0,3.1,0,10,3
"59","Boonsri","Atrazine",0.0741256544502618,0,0.542,0,7,2
"60","Boonsri","Benzo(a)anthracene",0.00364533333333333,0.0035,0.00612,0.0035,1,1
"61","Boonsri","Benzo(a)pyrene",0.00752366666666667,0.0075,0.00892,0.0075,1,1
"62","Boonsri","Benzo(b)fluoranthene",0.00782533333333333,0.0075,0.01992,0.0075,2,2
"63","Boonsri","Benzo(k)fluoranthene",0.00752066666666667,0.0075,0.00874,0.0075,1,1
"64","Boonsri","beta-Hexaxchlorocyclohexane",0.0599768786127168,0,0.347,0.036,2,4
"65","Boonsri","Bicarbonates",181.920444707933,115.9,321.8,178.985,5,4
"66","Boonsri","Biochemical Oxygen",2.47349889624724,0,7.4,2.22,6,6
"67","Boonsri","Cadmium",2.45119571061644,0,148.3,0.71,1,1
"68","Boonsri","Calcium",49.1609385932793,1,87.25,49.2,9,6
"69","Boonsri","Cesium",0.0476190476190476,0,1,0,1,1
"70","Boonsri","Chemical Oxygen Demand (Cr)",9.95530429447853,0,27.6,9.783,9,9
"71","Boonsri","Chemical Oxygen Demand (Mn)",4.00353558926488,1.28,13.2,3.7,9,7
"72","Boonsri","Chlorides",20.4945086061998,5.36,55.39,20.19,9,9
"73","Boonsri","Chlorodinine",0.18132967032967,0.004,0.3,0.231,2,3
"74","Boonsri","Chromium",4.41476202321725,0,65.3,1.84,8,7
"75","Boonsri","Chrysene",0.003,0.003,0.003,0.003,2,2
"76","Boonsri","Copper",10.349373755814,0,88.6,6.1645,7,7
"77","Boonsri","Dieldrin",0.0539220779220779,0,0.612,0.005,2,1
"78","Boonsri","Dissolved oxygen",8.75868778280543,3.9,14.11,8.62,8,7
"79","Boonsri","Dissolved silicates",3.76091954022989,1.9,8.3,3.1,5,5
"80","Boonsri","Endosulfan (alpha)",0.070703947368421,0,0.923,0.014,1,1
"81","Boonsri","Endosulfan (beta)",0.0541804511278196,0,0.632,0.016,2,1
"82","Boonsri","Endrin",0.0654748858447489,0,0.841,0.005,5,3
"83","Boonsri","Fecal coliforms",0.440616268980477,0,23,0.22,7,7
"84","Boonsri","Fecal streptococci ",0.0515800959232614,0,4.5,0.017,6,6
"85","Boonsri","Fluoranthene",0.00461233333333333,0.0045,0.00852,0.0045,1,1
"86","Boonsri","Fluorene",0.005,0.005,0.005,0.005,2,2
"87","Boonsri","gamma-Hexachlorocyclohexane",0.028532319391635,0,0.88,0.01,6,3
"88","Boonsri","Heptachlor",0.00802027027027027,0,0.093,0.005,3,3
"89","Boonsri","Heptachloroepoxide",0.00779032258064516,0,0.236,0.005,2,1
"90","Boonsri","Hexachlorobenzene",0.00923333333333333,0.001,0.02,0.001,2,2
"91","Boonsri","Inorganic nitrogen",1.28,1.28,1.28,1.28,4,4
"92","Boonsri","Iron",0.58572052173913,0,30.25,0.32,8,7
"93","Boonsri","Isodrin",0.0114,0.001,0.025,0.001,7,2
"94","Boonsri","Lead",8.45845151858108,0,181.1,4.1615,5,2
"95","Boonsri","Macrozoobenthos",1.79487288135593,0,2.24,1.9,10,10
"96","Boonsri","Magnesium",14.3871180486111,3.7,61.23,12.61,8,7
"97","Boonsri","Manganese",0.309835418875928,0,232,0.038,8,7
"98","Boonsri","Mercury",0.0613367647058824,0,1.109,0.025,3,2
"99","Boonsri","Methoxychlor",0.045,0.005,0.137,0.019,2,1
"100","Boonsri","Methylosmoline",0.271857142857143,0.001,4.406,0.288,4,3
"101","Boonsri","Metolachlor",0.052752,0,0.671,0.027,1,1
"102","Boonsri","Naphthalene",0.010828,0.01,0.05922,0.01,5,1
"103","Boonsri","Nickel",3.22721097560976,0,32,2.137,7,7
"104","Boonsri","Nitrates",1.18436342213115,0.09,3.81,1.0845,9,6
"105","Boonsri","Nitrites",0.0293801229508197,0,0.813,0.022,8,4
"106","Boonsri","Organic nitrogen",1.5525,1.34,1.68,1.595,2,3
"107","Boonsri","Orthophosphate-phosphorus",0.0828004098360656,0,0.98,0.0605,4,2
"108","Boonsri","Oxygen saturation",86.1742857321429,50.57,198.1,87.195,5,2
"109","Boonsri","p,p-DDD",0.0963229813664596,0,0.857,0.046,2,2
"110","Boonsri","p,p-DDE",0.0300114285714286,0,0.234,0.015,3,5
"111","Boonsri","p,p-DDT",0.0267185138004246,0,1.85,0.0022,7,3
"112","Boonsri","PAHs",9.3,9.3,9.3,9.3,2,2
"113","Boonsri","PCB 101",0.00113833333333333,0.001,0.00756,0.001,6,1
"114","Boonsri","PCB 138",0.00203166666666667,0.002,0.00295,0.002,1,1
"115","Boonsri","PCB 153",0.002,0.002,0.002,0.002,1,7
"116","Boonsri","PCB 180",0.002101,0.002,0.00806,0.002,2,1
"117","Boonsri","Pentachlorobenzene",0.001,0.001,0.001,0.001,7,7
"118","Boonsri","Petroleum hydrocarbons",0.267892307692308,0,9.411,0,6,6
"119","Boonsri","Phenanthrene",0.005,0.005,0.005,0.005,7,7
"120","Boonsri","Potassium",2.62417654808959,1,4.4,3,10,9
"121","Boonsri","Pyrene",0.002594,0.001,0.00588,0.003,2,2
"122","Boonsri","Silica (SiO2)",7.05485784313726,0.417,18.15,6.908,5,6
"123","Boonsri","Simazine",0.142233009708738,0.005,0.742,0.094,2,1
"124","Boonsri","Sodium",16.7476041666667,6.7,31,16,9,9
"125","Boonsri","Sulfides",0.1,0.1,0.1,0.1,2,7
"126","Boonsri","Sulphates",37.8046941918605,3.4,106.8,36.145,6,7
"127","Boonsri","Tetrachloromethane",0.260087912087912,0.025,3.311,0.25,1,1
"128","Boonsri","Total coliforms",5.82576291913215,0,320,2.8,7,7
"129","Boonsri","Total dissolved phosphorus",0.0570578512396694,0.01,0.202,0.05,6,2
"130","Boonsri","Total dissolved salts",246.534270650264,160,2330,240,9,1
"131","Boonsri","Total extractable matter",0.077037037037037,0,0.17,0.07,7,7
"132","Boonsri","Total hardness",106.310191909789,3.06,301,104.16,10,5
"133","Boonsri","Total nitrogen",1.52201762114537,0.726,3.19,1.434,10,10
"134","Boonsri","Total organic carbon",3.18024817518248,1.001,6.822,3.005,8,8
"135","Boonsri","Total phosphorus",0.125796555323591,0,1.2,0.1,5,4
"136","Boonsri","Water temperature",14.0755081310976,0.2,29.5,14,5,5
"137","Boonsri","Zinc",44.8265395730706,0,950.7,28,4,2
"138","Busarakhan","AGOC-3A",0.493096774193548,0.006,5.813,0.28,3,3
"139","Busarakhan","Alachlor",0.0949285714285714,0,0.475,0.07,6,6
"140","Busarakhan","Aldrin",0.0456857142857143,0,0.336,0.017,3,5
"141","Busarakhan","alpha-Hexachlorocyclohexane",0.0399375,0,0.529,0.005,1,1
"142","Busarakhan","Aluminium",141.04,50.4,520,111,3,3
"143","Busarakhan","Ammonium",0.366297132867133,0,4.54,0.211,4,4
"144","Busarakhan","Anionic active surfactants",0.077402,0,0.39,0.08,3,6
"145","Busarakhan","Anthracene",0.009,0.0075,0.0105,0.009,1,4
"146","Busarakhan","AOX",7.96666666666667,0,29.5,0,4,4
"147","Busarakhan","Arsenic",1.10182692307692,0,2.227,1.2,7,10
"148","Busarakhan","Atrazine",0.156219512195122,0,0.5,0.05,1,7
"149","Busarakhan","Barium",37,12,70,33,2,4
"150","Busarakhan","Benzo(a)anthracene",0,0,0,0,8,8
"151","Busarakhan","Benzo(a)pyrene",0.000333333333333333,0,0.001,0,7,8
"152","Busarakhan","Benzo(b)fluoranthene",0.000333333333333333,0,0.001,0,7,8
"153","Busarakhan","Benzo(g,h,i)perylene",0.003,0.001,0.004,0.004,3,5
"154","Busarakhan","Benzo(k)fluoranthene",0.000333333333333333,0,0.001,0,7,8
"155","Busarakhan","Berilium",0,0,0,0,5,5
"156","Busarakhan","beta-Hexaxchlorocyclohexane",0.0633823529411765,0.005,0.413,0.024,1,3
"157","Busarakhan","Bicarbonates",210.320655614754,73.2,392.1,209.3,3,1
"158","Busarakhan","Biochemical Oxygen",2.95354838709677,0,9.84,2.6,5,5
"159","Busarakhan","Boron",33.5,29,38,33.5,4,4
"160","Busarakhan","Cadmium",1.33586484848485,0,43,0.422,4,3
"161","Busarakhan","Calcium",61.5435813860465,12.06,153.2,58.4,3,1
"162","Busarakhan","Carbonates",16.3528571428571,6.28,28.2,18.55,5,5
"163","Busarakhan","Cesium",0,0,0,0,7,7
"164","Busarakhan","Chemical Oxygen Demand (Cr)",31.51625,0,74.88,29.37,3,6
"165","Busarakhan","Chemical Oxygen Demand (Mn)",5.72589108910891,2,27,5.1,5,4
"166","Busarakhan","Chlorides",58.5962325534884,20.3,186.7,53.2,4,5
"167","Busarakhan","Chlorodinine",0.176290322580645,0.01,0.297,0.24,4,7
"168","Busarakhan","Chromium",7.21787898089172,0.05,84.4,3.15,4,4
"169","Busarakhan","Copper",14.3389872611465,0.05,98,10.53,3,6
"170","Busarakhan","Cyanides",0.00241785714285714,0,0.0051,0.002,6,5
"171","Busarakhan","Dieldrin",0.0523235294117647,0,0.312,0.005,3,6
"172","Busarakhan","Dissolved organic carbon",8.12,8.12,8.12,8.12,1,1
"173","Busarakhan","Dissolved oxygen",8.67991007194245,0,15.4,8.385,9,2
"174","Busarakhan","Dissolved silicates",2.8805,1.02,5,2.8,7,7
"175","Busarakhan","Endosulfan (alpha)",0.0568,0,0.451,0.005,3,4
"176","Busarakhan","Endosulfan (beta)",0.0625172413793103,0,0.482,0.005,1,4
"177","Busarakhan","Endrin",0.0754117647058824,0,0.65,0.005,3,4
"178","Busarakhan","Fecal coliforms",12.0992422535211,0,240,0.2,3,4
"179","Busarakhan","Fecal streptococci ",1.2690328125,0,24,0.02,3,3
"180","Busarakhan","Fluoranthene",0.00366666666666667,0.001,0.005,0.005,6,8
"181","Busarakhan","gamma-Hexachlorocyclohexane",0.0357152317880795,0,0.43,0.011,1,7
"182","Busarakhan","Heptachlor",0.0089,0,0.065,0.005,1,5
"183","Busarakhan","Heptachloroepoxide",0.00346153846153846,0,0.005,0.005,7,7
"184","Busarakhan","Hexachlorobenzene",0.0055,0.0055,0.0055,0.0055,7,7
"185","Busarakhan","Indeno(1,2,3-c,d)pyrene",0.003,0.001,0.004,0.004,4,6
"186","Busarakhan","Iron",147.383487162162,0,21665.84,0.6675,3,5
"187","Busarakhan","Isodrin",0.015,0.015,0.015,0.015,5,7
"188","Busarakhan","Lead",10.1022818060606,0.05,66,4.841,3,8
"189","Busarakhan","Macrozoobenthos",2.12344444444444,0,2.5,2.12,6,7
"190","Busarakhan","Magnesium",27.3162844174312,7.05,73.93,25.335,1,3
"191","Busarakhan","Manganese",15.4700505050505,0,906,0.05,1,4
"192","Busarakhan","Mercury",0.0507967032967033,0,0.4,0.047,5,7
"193","Busarakhan","Methoxychlor",0.041,0.041,0.041,0.041,4,5
"194","Busarakhan","Methylosmoline",0.198709677419355,0.004,0.342,0.293,7,7
"195","Busarakhan","Metolachlor",0.0313703703703704,0,0.133,0.015,6,7
"196","Busarakhan","Naphthalene",0.01,0.01,0.01,0.01,7,7
"197","Busarakhan","Nickel",4.24463543307087,0,45.3,2.12,4,6
"198","Busarakhan","Nitrates",1.71235541958042,0,11.5,1.559135,4,2
"199","Busarakhan","Nitrites",0.0350304895104895,0,0.217,0.026,5,7
"200","Busarakhan","Orthophosphate-phosphorus",0.0449171328671329,0,0.331,0.037,5,7
"201","Busarakhan","Oxygen saturation",81.1932557325581,22.4,106.74,84.13,9,9
"202","Busarakhan","p,p-DDD",0.116058823529412,0.005,0.688,0.029,1,3
"203","Busarakhan","p,p-DDE",0.0356176470588235,0,0.242,0.01,1,4
"204","Busarakhan","p,p-DDT",0.0514715447154472,0,1.86,0.01,3,2
"205","Busarakhan","PAHs",6.45,6.45,6.45,6.45,5,5
"206","Busarakhan","PCB 101",0.00166666666666667,0.001,0.002,0.002,3,6
"207","Busarakhan","PCB 118",0.002,0.002,0.002,0.002,5,5
"208","Busarakhan","PCB 138",0.00166666666666667,0.001,0.002,0.002,5,7
"209","Busarakhan","PCB 153",0.00166666666666667,0.001,0.002,0.002,5,6
"210","Busarakhan","PCB 180",0.00166666666666667,0.001,0.002,0.002,5,7
"211","Busarakhan","PCB 28",0.001,0.001,0.001,0.001,6,6
"212","Busarakhan","PCB 52",0.001,0.001,0.001,0.001,6,6
"213","Busarakhan","Pentachlorobenzene",0.004,0.004,0.004,0.004,5,5
"214","Busarakhan","Petroleum hydrocarbons",0.972710526315789,0,12,0.027,5,5
"215","Busarakhan","Phenanthrene",0.005,0.005,0.005,0.005,6,6
"216","Busarakhan","Potassium",5.04593406593407,1.2,14.5,3.9,3,5
"217","Busarakhan","Selenium",0.551625,0.04,2.4,0.13,4,2
"218","Busarakhan","Silica (SiO2)",6.50232142857143,1.089,16.6,6.388,8,8
"219","Busarakhan","Simazine",0.110333333333333,0.007,0.37,0.06,4,6
"220","Busarakhan","Sodium",36.5581318681319,16.8,99.8,29.8,4,4
"221","Busarakhan","Sulfides",0.0636086956521739,0.012,0.1,0.1,4,6
"222","Busarakhan","Sulphates",84.7143452678571,27,230.6,77.42,2,1
"223","Busarakhan","Tetrachloromethane",0.162903225806452,0.025,0.25,0.25,7,7
"224","Busarakhan","Total coliforms",24.1618486842105,0,780,1.75,5,5
"225","Busarakhan","Total dissolved phosphorus",0.06768,0.016,0.197,0.0585,4,4
"226","Busarakhan","Total dissolved salts",445.668874172185,237,1019,423,3,4
"227","Busarakhan","Total extractable matter",1.02783333333333,0.08,5.8,0.2,5,5
"228","Busarakhan","Total hardness",180.452769252747,11.7,368.74,168,3,3
"229","Busarakhan","Total nitrogen",2.10113265306122,0.675,5.23,2.005,6,6
"230","Busarakhan","Total organic carbon",6.90384615384615,4.11,19.2,5.15,2,2
"231","Busarakhan","Total phosphorus",0.0970018248175182,0,0.782,0.078,8,7
"232","Busarakhan","Trifluralin",0.1,0.1,0.1,0.1,5,5
"233","Busarakhan","Water temperature",13.5856183745583,0,30,13,9,4
"234","Busarakhan","Zinc",37.6071518987342,0,380,26.5,5,8
"235","Chai","AGOC-3A",0.667153846153846,0.004,6.865,0.2925,2,2
"236","Chai","Alachlor",0.113486486486486,0,0.496,0.0695,5,5
"237","Chai","Aldrin",0.0382342857142857,0,0.428,0.012,6,2
"238","Chai","alpha-Hexachlorocyclohexane",0.0196467065868263,0,0.339,0.005,3,3
"239","Chai","Aluminium",158.366666666667,33.1,790,97,2,1
"240","Chai","Ammonium",0.258316820762368,0,1.78,0.188,7,9
"241","Chai","Anionic active surfactants",0.0594094395280236,0,0.44,0.053,7,5
"242","Chai","Anthracene",0.00846,0.0075,0.0116,0.0075,3,3
"243","Chai","AOX",2.70444444444444,0,21,0,7,7
"244","Chai","Arsenic",0.767941176470588,0,2.5,0.895,9,8
"245","Chai","Atrazine",0.11656291913215,0,0.5,0.01,5,6
"246","Chai","Barium",25.5178571428571,12.2,48,21,5,5
"247","Chai","Benzo(a)anthracene",0,0,0,0,7,7
"248","Chai","Benzo(a)pyrene",0.000285714285714286,0,0.001,0,8,7
"249","Chai","Benzo(b)fluoranthene",0.000285714285714286,0,0.001,0,8,7
"250","Chai","Benzo(g,h,i)perylene",0.00314285714285714,0.001,0.004,0.004,2,4
"251","Chai","Benzo(k)fluoranthene",0.000285714285714286,0,0.001,0,8,7
"252","Chai","Berilium",0,0,0,0,4,4
"253","Chai","beta-Hexaxchlorocyclohexane",0.0440574712643678,0,0.299,0.0255,6,5
"254","Chai","Bicarbonates",168.842639800895,53.6,248.9,171,8,9
"255","Chai","Biochemical Oxygen",2.28509337860781,0,7.3,2.1,9,7
"256","Chai","Boron",39.6666666666667,35,43,41,1,1
"257","Chai","Cadmium",0.838927113702624,0,17.6,0.34,7,7
"258","Chai","Calcium",51.9520277805556,17.8,81,52,8,8
"259","Chai","Carbonates",25.4800006666667,6.12,47.400002,23.4,4,4
"260","Chai","Cesium",0,0,0,0,6,6
"261","Chai","Chemical Oxygen Demand (Cr)",23.4816729088639,0,89,23.4,5,4
"262","Chai","Chemical Oxygen Demand (Mn)",4.04043530834341,1.6,11.89,3.59,8,8
"263","Chai","Chlorides",32.282362412844,13.68,85.2,31.55,7,7
"264","Chai","Chlorodinine",0.177605769230769,0,0.3,0.227,3,2
"265","Chai","Chromium",5.38576112462908,0,76.9,2.6755,7,6
"266","Chai","Copper",14.0881210807175,0,283.600006,8.079,4,2
"267","Chai","Cyanides",0.00257708333333333,0.002,0.004,0.002,4,6
"268","Chai","Dieldrin",0.0299813664596273,0,0.516,0.005,6,4
"269","Chai","Dissolved oxygen",8.97361728395062,0,15.2,8.9,3,3
"270","Chai","Dissolved silicates",2.43641975308642,0.8,4.61,2.38,10,8
"271","Chai","Endosulfan (alpha)",0.04298125,0,0.624,0.005,4,2
"272","Chai","Endosulfan (beta)",0.0401948051948052,0,0.488,0.005,7,3
"273","Chai","Endrin",0.0799672131147541,0,0.919,0.005,2,2
"274","Chai","Fecal coliforms",8.27213172535211,0,350,0.215,4,2
"275","Chai","Fecal streptococci ",0.369166945606695,0,16,0.025,4,4
"276","Chai","Fluoranthene",0.00385714285714286,0.001,0.005,0.005,4,7
"277","Chai","gamma-Hexachlorocyclohexane",0.0344038128249567,0,0.7,0.011,4,4
"278","Chai","Heptachlor",0.0069702380952381,0,0.103,0.005,5,2
"279","Chai","Heptachloroepoxide",0.00577862595419847,0,0.13,0.005,5,4
"280","Chai","Hexachlorobenzene",0.0055,0.0055,0.0055,0.0055,6,6
"281","Chai","Indeno(1,2,3-c,d)pyrene",0.00314285714285714,0.001,0.004,0.004,3,5
"282","Chai","Iron",59.8969003067485,0,20688.6,0.44,6,6
"283","Chai","Isodrin",0.015,0.015,0.015,0.015,4,6
"284","Chai","Lead",9.49212575683453,0,149.1,4.5,4,3
"285","Chai","Macrozoobenthos",1.98877902621723,0,20,2.04,9,3
"286","Chai","Magnesium",20.0664890765027,7,89.1,17.99,5,1
"287","Chai","Manganese",6.62118397727273,0,1910,0.033,4,1
"288","Chai","Mercury",0.0464053164556962,0,1.27,0.027,6,1
"289","Chai","Methoxychlor",0.0413333333333333,0.017,0.064,0.0425,3,3
"290","Chai","Methylosmoline",1.59072115384615,0.25,4.25,1.256,3,4
"291","Chai","Metolachlor",0.02942,0,0.179,0.017,7,6
"292","Chai","Naphthalene",0.01104,0.01,0.014,0.01,4,4
"293","Chai","Nickel",4.04061262629758,0,55.5,2.0435,5,4
"294","Chai","Nitrates",1.63539858880779,0,4.041,1.61,5,5
"295","Chai","Nitrites",0.0288624837662338,0,0.412,0.021,9,6
"296","Chai","Orthophosphate-phosphorus",0.0421298296836983,0,0.611,0.037,7,4
"297","Chai","Oxygen saturation",84.3664959282787,19.4,125,84.79,7,5
"298","Chai","p,p-DDD",0.0885418994413408,0,0.976,0.033,3,1
"299","Chai","p,p-DDE",0.0297150537634409,0,0.301,0.0135,4,1
"300","Chai","p,p-DDT",0.0385855670103093,0,0.93,0.01,5,6
"301","Chai","PAHs",6.69,6.69,6.69,6.69,3,3
"302","Chai","PCB 101",0.00171428571428571,0.001,0.002,0.002,1,5
"303","Chai","PCB 118",0.002,0.002,0.002,0.002,4,4
"304","Chai","PCB 138",0.00171428571428571,0.001,0.002,0.002,3,6
"305","Chai","PCB 153",0.00171428571428571,0.001,0.002,0.002,3,5
"306","Chai","PCB 180",0.00171428571428571,0.001,0.002,0.002,3,6
"307","Chai","PCB 28",0.001,0.001,0.001,0.001,5,5
"308","Chai","PCB 52",0.001,0.001,0.001,0.001,5,5
"309","Chai","Pentachlorobenzene",0.004,0.004,0.004,0.004,4,4
"310","Chai","Petroleum hydrocarbons",1.26121069518717,0,16,0.025,4,4
"311","Chai","Phenanthrene",0.005,0.005,0.005,0.005,5,5
"312","Chai","Potassium",2.71881756756757,1,5.8,2.6,9,8
"313","Chai","Selenium",0.380684210526316,0.03,1.4,0.061,5,5
"314","Chai","Silica (SiO2)",7.24994023904382,0.457,21.8,7.104,4,3
"315","Chai","Simazine",0.10300826446281,0.005,0.489,0.06,6,4
"316","Chai","Sodium",20.6840728476821,10.2,177.51,18.4,7,2
"317","Chai","Sulfides",0.0665897435897436,0,0.1,0.1,3,5
"318","Chai","Sulphates",33.7521647802908,10.1,126.4,30,9,5
"319","Chai","Tetrachloromethane",0.188490384615385,0.025,0.602,0.25,2,3
"320","Chai","Total coliforms",20.8557691275168,0,350,2.79,6,6
"321","Chai","Total dissolved phosphorus",0.0569545454545455,0.01,0.116,0.059,7,5
"322","Chai","Total dissolved salts",272.514124293785,129,391,270.5,8,9
"323","Chai","Total extractable matter",1.55505555555556,0.06,10.8,0.14,3,3
"324","Chai","Total hardness",137.184532580786,9.53,219.652,133,8,9
"325","Chai","Total nitrogen",2.15763912483912,0.57,4.92,2.07,5,7
"326","Chai","Total organic carbon",4.99333333333333,2.47,7.8,4.88,5,7
"327","Chai","Total phosphorus",0.0992164806866953,0.006,4.07,0.079,7,1
"328","Chai","Trifluralin",0.1,0.1,0.1,0.1,4,4
"329","Chai","Water temperature",14.0693649775497,0,32,14,6,3
"330","Chai","Zinc",31.3429515418502,0,413,20,7,7
"331","Decha","Ammonium",0.261006756756757,0,6.138,0.144,6,3
"332","Decha","Anionic active surfactants",0.013551724137931,0,0.142,0,10,9
"333","Decha","Arsenic",1.76,0.5,3.08,1.62,3,4
"334","Decha","Atrazine",0,0,0,0,10,10
"335","Decha","Bicarbonates",157.402048780488,72,262.386,147.668,9,7
"336","Decha","Biochemical Oxygen",3.61217391304348,1.1,11.2,3.6,3,4
"337","Decha","Cadmium",0.634888888888889,0,7.5,0.22,8,8
"338","Decha","Calcium",53.8187325581395,21.4,96.79,52.815,6,5
"339","Decha","Chemical Oxygen Demand (Cr)",26.2268817204301,0,69.1,24.6,4,7
"340","Decha","Chemical Oxygen Demand (Mn)",7.17273404255319,2.8,16.96,6.15,2,6
"341","Decha","Chlorides",73.723625,11.4,199.61,66.65,3,3
"342","Decha","Chromium",11.3095588235294,0,29,13,1,8
"343","Decha","Copper",8.35641509433962,0,65,4.19,8,8
"344","Decha","Cyanides",1.53338235294118,0,4.44,1.8075,1,1
"345","Decha","Dissolved oxygen",10.9123232323232,6.5,14.5,11.2,1,6
"346","Decha","Dissolved silicates",8.80213333333333,1.2,21.57,9.07,2,1
"347","Decha","gamma-Hexachlorocyclohexane",0,0,0,0,9,9
"348","Decha","Inorganic nitrogen",1.46208333333333,0.446,7.141,0.9725,3,2
"349","Decha","Iron",0.711640384615385,0,6.115,0.381,7,8
"350","Decha","Lead",8.05191489361702,0,109,1.36,6,5
"351","Decha","Macrozoobenthos",2.33,2.1,2.58,2.32,3,6
"352","Decha","Magnesium",13.0785903614458,2.6,29.36,12.51,9,9
"353","Decha","Manganese",0.423304854368932,0,4.962,0.1772,7,8
"354","Decha","Mercury",0.0197714285714286,0,0.13,0.015,9,9
"355","Decha","Nickel",2.74305769230769,0,13.23,2.01,9,9
"356","Decha","Nitrates",0.61466,0.017,1.539,0.597,10,10
"357","Decha","Nitrites",0.0213533333333333,0,0.083,0.0185,10,10
"358","Decha","Organic nitrogen",1.94870588235294,0,3.998,1.498,1,1
"359","Decha","Orthophosphate-phosphorus",0.0348493243243243,0,0.486,0.0245,10,6
"360","Decha","Oxygen saturation",99.4152830188679,58.09,141.85,101.39,1,4
"361","Decha","p,p-DDT",8e-04,0,0.0025,0,8,8
"362","Decha","Petroleum hydrocarbons",0.0774193548387097,0,0.2,0,8,9
"363","Decha","Potassium",5.29296666666667,2.57,20.79,4.235,2,2
"364","Decha","Sodium",43.680675,8,80.7,40.805,2,6
"365","Decha","Sulphates",47.0746883116883,4.824,108,46.6,5,6
"366","Decha","Total coliforms",433.488095238095,1.1,4600,35,2,3
"367","Decha","Total dissolved salts",412.275,212,988,372,4,5
"368","Decha","Total hardness",193.321130434783,121.4,326.07,181.61,2,4
"369","Decha","Total nitrogen",2.81318053097345,0.639,9.15,2.13,3,3
"370","Decha","Total phosphorus",0.149063448275862,0.012,2.1382,0.109,4,3
"371","Decha","Water temperature",13.27375,0.2,28,13.6,10,9
"372","Decha","Zinc",129.681176470588,0,549,95,1,6
"373","Kannika","AGOC-3A",0.377108695652174,0.001,4.877,0.2765,6,5
"374","Kannika","Alachlor",0.146292682926829,0,0.599,0.1025,3,2
"375","Kannika","Aldrin",0.0450752688172043,0,0.501,0.018,4,1
"376","Kannika","alpha-Hexachlorocyclohexane",0.0121770833333333,0,0.119,0.005,7,6
"377","Kannika","Aluminium",108.738461538462,0,410,87,5,5
"378","Kannika","Ammonium",0.24982667617689,0,2.63,0.1818,8,8
"379","Kannika","Anionic active surfactants",0.0617577348066298,0,0.706,0.053,6,1
"380","Kannika","Anthracene",0.00805,0.0075,0.0086,0.00805,4,5
"381","Kannika","AOX",3.61413043478261,0,22,0,6,6
"382","Kannika","Arsenic",1.15208189655172,0,2.9,1.2,5,5
"383","Kannika","Atrazine",0.132796568627451,0,0.5,0,4,5
"384","Kannika","Barium",31.3161290322581,13.2,70,26,3,3
"385","Kannika","Benzo(a)anthracene",0,0,0,0,6,6
"386","Kannika","Benzo(a)pyrene",5e-04,0,0.001,5e-04,5,6
"387","Kannika","Benzo(b)fluoranthene",5e-04,0,0.001,5e-04,6,6
"388","Kannika","Benzo(g,h,i)perylene",0.0025,0.001,0.004,0.0025,5,3
"389","Kannika","Benzo(k)fluoranthene",5e-04,0,0.001,5e-04,5,6
"390","Kannika","Berilium",0,0,0,0,3,3
"391","Kannika","beta-Hexaxchlorocyclohexane",0.0369894736842105,0,0.249,0.017,7,7
"392","Kannika","Bicarbonates",176.476709133758,85.4,266.5,175.6,6,6
"393","Kannika","Biochemical Oxygen",2.09834866468843,0,6.4,2,10,8
"394","Kannika","Boron",30.6666666666667,22,35,35,5,5
"395","Kannika","Cadmium",0.889420475319927,0,25.81,0.208,6,6
"396","Kannika","Calcium",53.385157881203,19.8,78.9,53.4,7,9
"397","Kannika","Carbonates",26.760001,6.12,47.400002,26.760001,3,3
"398","Kannika","Cesium",0,0,0,0,5,5
"399","Kannika","Chemical Oxygen Demand (Cr)",21.4219867549669,0,54,21.14,7,8
"400","Kannika","Chemical Oxygen Demand (Mn)",4.20993243243243,1.26,11.83,3.84,7,9
"401","Kannika","Chlorides",32.2166023813056,15.92,63.200001,31.9,8,8
"402","Kannika","Chlorodinine",0.164326086956522,0.002,0.298,0.2195,7,6
"403","Kannika","Chromium",6.45242957746479,0,95,2.8,5,3
"404","Kannika","Copper",13.2631166060071,0,232.22,8.4,6,3
"405","Kannika","Cyanides",0.0023695652173913,0,0.006,0.002,7,4
"406","Kannika","Dieldrin",0.0258241758241758,0,0.28,0.005,7,7
"407","Kannika","Dissolved organic carbon",5.13333333333333,4.66,5.66,5.08,3,2
"408","Kannika","Dissolved oxygen",8.97341642228739,5,14.5,8.745,4,5
"409","Kannika","Dissolved silicates",2.71972222222222,1.99,4.3,2.465,8,10
"410","Kannika","Endosulfan (alpha)",0.0248125,0,0.2,0.005,7,7
"411","Kannika","Endosulfan (beta)",0.047974025974026,0,0.473,0.011,4,5
"412","Kannika","Endrin",0.0671919191919192,0,0.631,0.005,4,5
"413","Kannika","Fecal coliforms",0.981526791666667,0,92,0.078,6,6
"414","Kannika","Fecal streptococci ",0.0774910526315789,0,5.4,0.00695,5,5
"415","Kannika","Fluoranthene",0.003,0.001,0.005,0.003,8,6
"416","Kannika","gamma-Hexachlorocyclohexane",0.0280643015521064,0,0.5,0.01,7,5
"417","Kannika","Heptachlor",0.00645161290322581,0,0.121,0.005,6,1
"418","Kannika","Heptachloroepoxide",0.00583333333333333,0,0.142,0.005,4,3
"419","Kannika","Hexachlorobenzene",0.0055,0.0055,0.0055,0.0055,5,5
"420","Kannika","Indeno(1,2,3-c,d)pyrene",0.0025,0.001,0.004,0.0025,6,4
"421","Kannika","Iron",139.422371607516,0,34413.96,0.55,4,2
"422","Kannika","Isodrin",0.015,0.015,0.015,0.015,3,5
"423","Kannika","Lead",7.71540501792115,0,83,2.76,8,7
"424","Kannika","Macrozoobenthos",2.28423949579832,0,42.79,2.05,5,2
"425","Kannika","Magnesium",19.7648088102941,7.05,62.25,17.9,6,6
"426","Kannika","Manganese",5.87722188405797,0,1105.2,0.026,5,2
"427","Kannika","Mercury",0.0369631728045326,0,0.579,0.025,7,5
"428","Kannika","Methylosmoline",0.20570652173913,0.002,0.371,0.272,5,5
"429","Kannika","Metolachlor",0.0389294117647059,0,0.315,0.027,4,3
"430","Kannika","Naphthalene",0.01975,0.0165,0.023,0.01975,2,3
"431","Kannika","Nickel",4.32369751918736,0,109.32,1.978,3,1
"432","Kannika","Nitrates",1.48313356633381,0.1,3.21,1.42,6,9
"433","Kannika","Nitrites",0.0342786305278174,0,1.51,0.026,6,2
"434","Kannika","Orthophosphate-phosphorus",0.042535933908046,0,0.822,0.04,6,3
"435","Kannika","Oxygen saturation",86.3691104601227,13.5,114.31,86.67,4,7
"436","Kannika","p,p-DDD",0.0638510638297872,0,0.512,0.025,7,6
"437","Kannika","p,p-DDE",0.0302058823529412,0,0.186,0.0115,2,6
"438","Kannika","p,p-DDT",0.0532461139896373,0,2.67,0.01,2,1
"439","Kannika","PAHs",5.78,5.78,5.78,5.78,6,6
"440","Kannika","PCB 101",0.0015,0.001,0.002,0.0015,5,4
"441","Kannika","PCB 118",0.002,0.002,0.002,0.002,3,3
"442","Kannika","PCB 138",0.0015,0.001,0.002,0.0015,7,5
"443","Kannika","PCB 153",0.0015,0.001,0.002,0.0015,7,4
"444","Kannika","PCB 180",0.0015,0.001,0.002,0.0015,7,5
"445","Kannika","PCB 28",0.001,0.001,0.001,0.001,4,4
"446","Kannika","PCB 52",0.0015,0.001,0.002,0.0015,1,1
"447","Kannika","Pentachlorobenzene",0.004,0.004,0.004,0.004,3,3
"448","Kannika","Petroleum hydrocarbons",1.32910412844037,0,35.3,0.023,2,1
"449","Kannika","Phenanthrene",0.005,0.005,0.005,0.005,4,4
"450","Kannika","Potassium",2.94483282674772,1,6.8,2.8,8,7
"451","Kannika","Selenium",0.719736842105263,0.035,1.9,0.46,2,4
"452","Kannika","Silica (SiO2)",6.95344308943089,0.4,24.6,6.267,6,1
"453","Kannika","Simazine",0.108712328767123,0.03,0.435,0.06,5,5
"454","Kannika","Sodium",20.3978419483283,11.2,31.2,20.1,8,8
"455","Kannika","Sulfides",0.0518961038961039,0,0.1,0.023,7,4
"456","Kannika","Sulphates",35.5644101524501,8.5,83,32.5,8,9
"457","Kannika","Tetrachloromethane",0.16929347826087,0.025,0.25,0.25,5,6
"458","Kannika","Total coliforms",2.57532734375,0,92,0.24,9,9
"459","Kannika","Total dissolved phosphorus",0.0725277777777778,0.038,0.108,0.0765,3,7
"460","Kannika","Total dissolved salts",273.895881006865,152.5,714,269,7,7
"461","Kannika","Total extractable matter",3.078,0.05,25,0.12,1,2
"462","Kannika","Total hardness",147.746235316176,10.6,267,138.95,7,7
"463","Kannika","Total nitrogen",2.03395528255528,0.745,4.07,1.95,7,9
"464","Kannika","Total organic carbon",4.9329,1.61,11.42,4.215,6,3
"465","Kannika","Total phosphorus",0.0941271903323263,0,0.408,0.088,9,9
"466","Kannika","Trifluralin",0.1,0.1,0.1,0.1,3,3
"467","Kannika","Water temperature",14.1562410329986,0,29.2,14,3,6
"468","Kannika","Zinc",28.0712476722533,0,815,16,9,4
"469","Kohsoom","1,2,3-Trichlorobenzene",0.00251875,0.001,0.0253,0.001,1,1
"470","Kohsoom","1,2,4-Trichlorobenzene",0.001,0.001,0.001,0.001,1,1
"471","Kohsoom","Acenaphthene",0.003,0.003,0.003,0.003,2,2
"472","Kohsoom","Acenaphthylene",0.004,0.004,0.004,0.004,1,1
"473","Kohsoom","AGOC-3A",0.3345625,0.001,2.401,0.282,7,7
"474","Kohsoom","Alachlor",0.177821428571429,0,0.574,0.1085,2,3
"475","Kohsoom","Aldrin",0.0344583333333333,0,0.231,0.015,7,7
"476","Kohsoom","alpha-Hexachlorocyclohexane",0.0123225806451613,0,0.091,0.005,6,7
"477","Kohsoom","Ammonium",2.56623240740741,0.24,14.2,2.165,1,2
"478","Kohsoom","Anionic active surfactants",0.114176829268293,0,0.52,0.068,1,3
"479","Kohsoom","Anthracene",0.00716875,0.005,0.01954,0.005,6,2
"480","Kohsoom","AOX",22.0285714285714,0,53,27.3,1,2
"481","Kohsoom","Arsenic",1.76967692307692,0,5,2.1,2,2
"482","Kohsoom","Atrazine",0.091462962962963,0,1.04,0,6,1
"483","Kohsoom","Benzo(a)anthracene",0.0035675,0.0035,0.00408,0.0035,2,3
"484","Kohsoom","Benzo(a)pyrene",0.00711764705882353,0.001,0.0075,0.0075,2,2
"485","Kohsoom","Benzo(b)fluoranthene",0.00711764705882353,0.001,0.0075,0.0075,3,3
"486","Kohsoom","Benzo(g,h,i)perylene",0.001,0.001,0.001,0.001,7,7
"487","Kohsoom","Benzo(k)fluoranthene",0.00711764705882353,0.001,0.0075,0.0075,2,2
"488","Kohsoom","beta-Hexaxchlorocyclohexane",0.05434375,0,0.272,0.028,4,6
"489","Kohsoom","Bicarbonates",227.27483180198,128,341.600006,226.185,2,3
"490","Kohsoom","Biochemical Oxygen",5.91527777777778,2.51,62.5,4.8,1,2
"491","Kohsoom","Cadmium",1.40074404761905,0,45.6,0.462,2,2
"492","Kohsoom","Calcium",70.3985529907834,4,110.4,72.03,2,4
"493","Kohsoom","Cesium",0,0,0,0,4,4
"494","Kohsoom","Chemical Oxygen Demand (Cr)",19.991753535545,0,87.8,15.4,8,5
"495","Kohsoom","Chemical Oxygen Demand (Mn)",7.29753488372093,3.35,17.9,7.1,1,5
"496","Kohsoom","Chlorides",50.5928801889401,19.75,130.4,49.483,5,6
"497","Kohsoom","Chlorodinine",0.1825,0.007,0.436,0.2205,1,1
"498","Kohsoom","Chromium",10.6571685988372,0,161.27,4.3,2,1
"499","Kohsoom","Chrysene",0.003,0.003,0.003,0.003,1,1
"500","Kohsoom","Copper",22.1649011686047,0,1123.13,11.575,1,1
"501","Kohsoom","Dieldrin",0.0358709677419355,0,0.544,0.005,5,3
"502","Kohsoom","Dissolved oxygen",7.69532407407407,2.3,13.69,7.77,10,8
"503","Kohsoom","Dissolved silicates",15.375,12.3,18.7,14.5,1,2
"504","Kohsoom","Endosulfan (alpha)",0.0387037037037037,0,0.274,0.01,6,6
"505","Kohsoom","Endosulfan (beta)",0.0437037037037037,0,0.316,0.019,6,6
"506","Kohsoom","Endrin",0.0569387755102041,0,0.377,0.025,6,7
"507","Kohsoom","Fecal coliforms",36.4918673758865,0,790,1.7,1,1
"508","Kohsoom","Fecal streptococci ",8.95855748031496,0,330,0.33,1,1
"509","Kohsoom","Fluoranthene",0.00457294117647059,0.001,0.00838,0.0045,2,2
"510","Kohsoom","Fluorene",0.005,0.005,0.005,0.005,1,1
"511","Kohsoom","gamma-Hexachlorocyclohexane",0.0290202614379085,0,0.45,0.01,5,6
"512","Kohsoom","Heptachlor",0.00865625,0,0.07,0.005,2,4
"513","Kohsoom","Heptachloroepoxide",0.0145185185185185,0,0.222,0.005,1,2
"514","Kohsoom","Hexachlorobenzene",0.0105,0.001,0.02,0.0105,1,1
"515","Kohsoom","Indeno(1,2,3-c,d)pyrene",0.134,0.134,0.134,0.134,1,1
"516","Kohsoom","Iron",261.198167808219,0.01,37959.28,0.67,1,1
"517","Kohsoom","Isodrin",0.0137058823529412,0.001,0.025,0.025,6,1
"518","Kohsoom","Lead",13.8811470588235,0,222.94,5.648,1,1
"519","Kohsoom","Macrozoobenthos",2.05120689655172,0,2.8,2.15,7,5
"520","Kohsoom","Magnesium",20.2565529953917,4.2,77.72,19.5,4,2
"521","Kohsoom","Manganese",11.2476031620553,0,787.5,0.09,3,6
"522","Kohsoom","Mercury",0.258960784313725,0,1.035,0.266,1,3
"523","Kohsoom","Methoxychlor",0.0315,0.009,0.054,0.0315,5,4
"524","Kohsoom","Methylosmoline",22.3164375,0.253,144.991,8.784,2,1
"525","Kohsoom","Metolachlor",0.0454074074074074,0,0.285,0.03,3,5
"526","Kohsoom","Naphthalene",0.01,0.01,0.01,0.01,6,6
"527","Kohsoom","Nickel",9.29026356589147,0,68.13,5.015,1,3
"528","Kohsoom","Nitrates",2.03464675925926,0,10.8,1.7865,2,3
"529","Kohsoom","Nitrites",0.0669199074074074,0.005,0.201,0.06,2,9
"530","Kohsoom","Orthophosphate-phosphorus",0.179513824884793,0.014,1.75,0.14,1,1
"531","Kohsoom","Oxygen saturation",79.9984920634921,47.35,147,79.75,10,3
"532","Kohsoom","p,p-DDD",0.06571875,0.005,0.345,0.041,6,7
"533","Kohsoom","p,p-DDE",0.0223125,0.005,0.082,0.0135,7,7
"534","Kohsoom","p,p-DDT",0.02793,0,0.43,0.003,6,7
"535","Kohsoom","PAHs",40.9,40.9,40.9,40.9,1,1
"536","Kohsoom","PCB 101",0.00102315789473684,0.001,0.00144,0.001,7,7
"537","Kohsoom","PCB 138",0.00194736842105263,0.001,0.002,0.002,2,4
"538","Kohsoom","PCB 153",0.00194736842105263,0.001,0.002,0.002,2,3
"539","Kohsoom","PCB 180",0.00220315789473684,0.001,0.00552,0.002,1,2
"540","Kohsoom","PCB 28",0.012,0.012,0.012,0.012,1,1
"541","Kohsoom","PCB 52",0.001,0.001,0.001,0.001,4,4
"542","Kohsoom","Pentachlorobenzene",0.001,0.001,0.001,0.001,6,6
"543","Kohsoom","Petroleum hydrocarbons",0.0306179775280899,0,1.35,0,9,7
"544","Kohsoom","Phenanthrene",0.005,0.005,0.005,0.005,3,3
"545","Kohsoom","Potassium",4.85995215311005,1.6,14.8,4.6,5,4
"546","Kohsoom","Pyrene",0.002961875,0.00136,0.00622,0.003,1,1
"547","Kohsoom","Silica (SiO2)",8.05140697674419,1.3,23.374,8.3085,2,2
"548","Kohsoom","Simazine",0.18275,0,0.73,0.0875,1,2
"549","Kohsoom","Sodium",30.6492018873239,5.7,62.4,29.1,5,7
"550","Kohsoom","Sulfides",0.1,0.1,0.1,0.1,1,3
"551","Kohsoom","Sulphates",78.1826667042254,26.111,153.600006,68.5,3,3
"552","Kohsoom","Tetrachloromethane",0.18828125,0.025,0.609,0.25,3,2
"553","Kohsoom","Total coliforms",368.287225352113,0,13000,16,3,2
"554","Kohsoom","Total dissolved phosphorus",0.239983333333333,0.0783,0.57,0.2221,1,1
"555","Kohsoom","Total dissolved salts",343.340425531915,254,471,341,5,8
"556","Kohsoom","Total extractable matter",0.1875,0.1,0.25,0.2,6,6
"557","Kohsoom","Total hardness",167.515298830645,3.46,492.799988,138.6,4,1
"558","Kohsoom","Total nitrogen",4.30034482758621,1.188,9.997,3.6615,2,2
"559","Kohsoom","Total organic carbon",5.43577083333333,3.001,8.96,5.288,4,6
"560","Kohsoom","Total phosphorus",0.27078801843318,0.04,2.44,0.214,1,2
"561","Kohsoom","Water temperature",15.061751156682,0.5,36.4,15,1,1
"562","Kohsoom","Zinc",69.2233720930233,0,915.02,35.15,2,3
"563","Sakda","AGOC-3A",0.378591397849462,0,4.215,0.278,5,6
"564","Sakda","Alachlor",0.132,0,0.567,0.1015,4,4
"565","Sakda","Aldrin",0.0483473684210526,0,0.385,0.017,2,3
"566","Sakda","alpha-Hexachlorocyclohexane",0.0191195652173913,0,0.211,0.005,5,4
"567","Sakda","Aluminium",124.972222222222,23,500,90.5,4,4
"568","Sakda","Ammonium",0.263447923416789,0,2.93,0.183,5,7
"569","Sakda","Anionic active surfactants",0.0686153521126761,0,0.58,0.06,4,2
"570","Sakda","Anthracene",0.0085,0.0085,0.0085,0.0085,2,6
"571","Sakda","AOX",6.15797101449275,0,25,0,5,5
"572","Sakda","Arsenic",1.304835,0,2.8,1.3,4,6
"573","Sakda","Atrazine",0.142233160621762,0,0.51,0.02,2,3
"574","Sakda","Barium",30.4505405405405,15.4,71,24,4,2
"575","Sakda","Benzo(a)anthracene",0,0,0,0,5,5
"576","Sakda","Benzo(a)pyrene",5e-04,0,0.001,5e-04,4,5
"577","Sakda","Benzo(b)fluoranthene",5e-04,0,0.001,5e-04,5,5
"578","Sakda","Benzo(g,h,i)perylene",0.0025,0.001,0.004,0.0025,4,2
"579","Sakda","Benzo(k)fluoranthene",5e-04,0,0.001,5e-04,4,5
"580","Sakda","Berilium",0,0,0,0,2,2
"581","Sakda","beta-Hexaxchlorocyclohexane",0.0478854166666667,0,0.461,0.0115,5,1
"582","Sakda","Bicarbonates",174.972997790356,34.1,253.699997,175.6,7,8
"583","Sakda","Biochemical Oxygen",2.28829007633588,0,6,2.21,8,9
"584","Sakda","Boron",37.3333333333333,36,38,38,2,3
"585","Sakda","Cadmium",0.979332695984704,0,25.86,0.23,5,5
"586","Sakda","Calcium",54.0942813379205,30.4,84.1,54.485,5,7
"587","Sakda","Carbonates",27.9428582857143,6,47.400002,35.400002,2,2
"588","Sakda","Cesium",0,0,0,0,3,3
"589","Sakda","Chemical Oxygen Demand (Cr)",22.3501689189189,0,120,23.3,6,2
"590","Sakda","Chemical Oxygen Demand (Mn)",4.36556748466258,2,42.7,4.07,6,1
"591","Sakda","Chlorides",40.7941793480243,0,477,34.099999,6,1
"592","Sakda","Chlorodinine",0.171225806451613,0.002,0.298,0.223,5,5
"593","Sakda","Chromium",5.79875138121547,0,147,2.79,6,2
"594","Sakda","Copper",13.4077794080882,0,125.24,8.1375,5,5
"595","Sakda","Cyanides",0.00268333333333333,0,0.021,0.002,3,2
"596","Sakda","Dieldrin",0.0481888888888889,0,0.591,0.005,4,2
"597","Sakda","Dissolved organic carbon",3.67333333333333,3.07,4.26,3.69,5,5
"598","Sakda","Dissolved oxygen",8.8461119515885,5.2,12.86,8.61,6,10
"599","Sakda","Dissolved silicates",2.60583333333333,1.98,4.5,2.27,9,9
"600","Sakda","Endosulfan (alpha)",0.0399880952380952,0,0.301,0.008,5,5
"601","Sakda","Endosulfan (beta)",0.0437974683544304,0,0.287,0.019,5,7
"602","Sakda","Endrin",0.0547222222222222,0,0.407,0.005,7,6
"603","Sakda","Fecal coliforms",1.10769683257919,0,92,0.13,5,5
"604","Sakda","Fecal streptococci ",0.0450674876847291,0,0.54,0.0078,7,7
"605","Sakda","Fluoranthene",0.003,0.001,0.005,0.003,7,5
"606","Sakda","gamma-Hexachlorocyclohexane",0.0352302375809935,0,0.99,0.01,2,2
"607","Sakda","Heptachlor",0.00639325842696629,0,0.045,0.005,7,6
"608","Sakda","Heptachloroepoxide",0.00748717948717949,0,0.121,0.005,3,5
"609","Sakda","Hexachlorobenzene",0.0055,0.0055,0.0055,0.0055,4,4
"610","Sakda","Indeno(1,2,3-c,d)pyrene",0.0025,0.001,0.004,0.0025,5,3
"611","Sakda","Iron",62.355473347548,0,28901.59,0.583,5,3
"612","Sakda","Isodrin",0.015,0.015,0.015,0.015,2,4
"613","Sakda","Lead",7.88576261121495,0,106.599999,2.998,7,6
"614","Sakda","Macrozoobenthos",2.51683177570093,0,47.21,2.07,1,1
"615","Sakda","Magnesium",19.0988244335878,7.01,53.74,17.5,7,8
"616","Sakda","Manganese",4.80948095930233,0,905,0.021,6,5
"617","Sakda","Mercury",0.0340503144654088,0,0.22,0.025,8,8
"618","Sakda","Methoxychlor",0.025,0.025,0.025,0.025,6,6
"619","Sakda","Methylosmoline",0.203967741935484,0.001,0.35,0.268,6,6
"620","Sakda","Metolachlor",0.0348125,0,0.308,0.023,5,4
"621","Sakda","Naphthalene",0.0242,0.0242,0.0242,0.0242,1,2
"622","Sakda","Nickel",2.85963875598086,0,49.3,2,8,5
"623","Sakda","Nitrates",1.45236746290801,0,3.59,1.415,7,8
"624","Sakda","Nitrites",0.0360975257731959,0,0.443,0.024,4,5
"625","Sakda","Orthophosphate-phosphorus",0.041781050295858,0,0.29,0.038,8,10
"626","Sakda","Oxygen saturation",84.8298131214953,63.5,99,85.2,6,10
"627","Sakda","p,p-DDD",0.0712268041237113,0,0.596,0.026,5,4
"628","Sakda","p,p-DDE",0.0246836734693878,0,0.267,0.0105,5,3
"629","Sakda","p,p-DDT",0.0422,0,1.25,0.01,4,5
"630","Sakda","PAHs",3.93,3.93,3.93,3.93,7,7
"631","Sakda","PCB 101",0.0015,0.001,0.002,0.0015,4,3
"632","Sakda","PCB 118",0.002,0.002,0.002,0.002,2,2
"633","Sakda","PCB 138",0.0015,0.001,0.002,0.0015,6,3
"634","Sakda","PCB 153",0.0015,0.001,0.002,0.0015,6,2
"635","Sakda","PCB 180",0.0015,0.001,0.002,0.0015,6,4
"636","Sakda","PCB 28",0.001,0.001,0.001,0.001,3,3
"637","Sakda","PCB 52",0.001,0.001,0.001,0.001,3,3
"638","Sakda","Pentachlorobenzene",0.004,0.004,0.004,0.004,2,2
"639","Sakda","Petroleum hydrocarbons",1.27701586538462,0,16.4,0.023,3,3
"640","Sakda","Phenanthrene",0.005,0.005,0.005,0.005,2,2
"641","Sakda","Potassium",3.14616129032258,0.6,28,2.9,6,1
"642","Sakda","Selenium",0.603727272727273,0.027,2,0.365,3,3
"643","Sakda","Silica (SiO2)",6.94445748987854,0.4,18.7,6.54,7,4
"644","Sakda","Simazine",0.1139,0.02,0.593,0.06,3,3
"645","Sakda","Sodium",22.2296405555556,11.2,108.5,20.4,6,3
"646","Sakda","Sulfides",0.0551666666666667,0.008,0.1,0.0225,6,2
"647","Sakda","Sulphates",35.9615849075472,0,90.5,32.545,7,8
"648","Sakda","Tetrachloromethane",0.170161290322581,0.025,0.25,0.25,4,5
"649","Sakda","Total coliforms",3.62072584745763,0,160,0.54,8,8
"650","Sakda","Total dissolved phosphorus",0.0731388888888889,0.039,0.111,0.0765,2,6
"651","Sakda","Total dissolved salts",302.049086757991,164.7,1307,274.9,6,2
"652","Sakda","Total extractable matter",2.758,0.058,25,0.12,2,1
"653","Sakda","Total hardness",150.219326051282,10,240.83,141,6,8
"654","Sakda","Total nitrogen",1.97714141414141,0.5,4.22,1.915,8,8
"655","Sakda","Total organic carbon",5.53608333333333,1.68,10.59,5.02,3,5
"656","Sakda","Total phosphorus",0.09372828125,0,0.338,0.086,10,10
"657","Sakda","Trifluralin",0.1,0.1,0.1,0.1,2,2
"658","Sakda","Water temperature",14.1439730134933,0.5,28.2,14,4,8
"659","Sakda","Zinc",33.3662992125984,0,1054,18,6,1
"660","Somchair","AGOC-3A",0.43958064516129,0.003,5.396,0.275,4,4
"661","Somchair","Alachlor",0.0916896551724138,0,0.465,0.078,7,7
"662","Somchair","Aldrin",0.0492285714285714,0,0.309,0.018,1,6
"663","Somchair","alpha-Hexachlorocyclohexane",0.0335161290322581,0,0.398,0.005,2,2
"664","Somchair","Aluminium",188.3,69.3,690,147,1,2
"665","Somchair","Ammonium",0.464517746478873,0,3.4,0.289,3,6
"666","Somchair","Anionic active surfactants",0.0890979381443299,0,0.5,0.09,2,4
"667","Somchair","Anthracene",0.0075,0.0075,0.0075,0.0075,5,7
"668","Somchair","AOX",9.388,0,44.2,0,3,3
"669","Somchair","Arsenic",1.14,0,2.5,1.2,6,7
"670","Somchair","Atrazine",0.140984962406015,0,0.5,0.01,3,4
"671","Somchair","Barium",39.35,12.8,78,35,1,1
"672","Somchair","Benzo(a)anthracene",0,0,0,0,4,4
"673","Somchair","Benzo(a)pyrene",0.000333333333333333,0,0.001,0,6,4
"674","Somchair","Benzo(b)fluoranthene",0.00966666666666667,0,0.028,0.001,1,1
"675","Somchair","Benzo(g,h,i)perylene",0.00333333333333333,0.002,0.004,0.004,1,1
"676","Somchair","Benzo(k)fluoranthene",0.000333333333333333,0,0.001,0,6,4
"677","Somchair","Berilium",0,0,0,0,1,1
"678","Somchair","beta-Hexaxchlorocyclohexane",0.0552571428571429,0,0.443,0.016,3,2
"679","Somchair","Bicarbonates",184.125084618644,46.1,272,185.4,4,5
"680","Somchair","Biochemical Oxygen",3.320875,0,11.96,2.9,4,3
"681","Somchair","Boron",36,33,39,36,3,2
"682","Somchair","Cadmium",1.40001369047619,0,38,0.5895,3,4
"683","Somchair","Calcium",61.1501869158879,23.3,113,60.1,4,3
"684","Somchair","Carbonates",15.13,12,23.4,12.36,6,6
"685","Somchair","Cesium",0,0,0,0,2,2
"686","Somchair","Chemical Oxygen Demand (Cr)",33.9627835051546,0,94.08,29.59,2,3
"687","Somchair","Chemical Oxygen Demand (Mn)",6.47342592592593,2.5,30.8,5.2,4,2
"688","Somchair","Chlorides",74.1581776261682,19.21,196.800003,69.875,2,4
"689","Somchair","Chlorodinine",0.16941935483871,0.005,0.299,0.22,6,4
"690","Somchair","Chromium",8.71396875,0.15,80.8,4.615,3,5
"691","Somchair","Copper",19.19944376875,0.171,177.300003,10.045,2,4
"692","Somchair","Cyanides",0.00283571428571429,0,0.0097,0.002,2,3
"693","Somchair","Dieldrin",0.0718285714285714,0,0.433,0.015,1,5
"694","Somchair","Dissolved organic carbon",5.23,5.23,5.23,5.23,2,4
"695","Somchair","Dissolved oxygen",8.80458781362007,0,13.5,8.79,7,9
"696","Somchair","Dissolved silicates",3.66625,1.6,5.6,3.97,6,6
"697","Somchair","Endosulfan (alpha)",0.0626666666666667,0,0.541,0.006,2,3
"698","Somchair","Endosulfan (beta)",0.051551724137931,0,0.537,0.005,3,2
"699","Somchair","Endrin",0.116514285714286,0,1.114,0.005,1,1
"700","Somchair","Fecal coliforms",15.4945,0,240,0.27,2,3
"701","Somchair","Fecal streptococci ",2.24951147540984,0,24,0.24,2,2
"702","Somchair","Fluoranthene",0.00366666666666667,0.001,0.005,0.005,5,4
"703","Somchair","gamma-Hexachlorocyclohexane",0.03485625,0,1.03,0.01,3,1
"704","Somchair","Heptachlor",0.00706896551724138,0,0.029,0.005,4,7
"705","Somchair","Heptachloroepoxide",0.00351851851851852,0,0.005,0.005,6,6
"706","Somchair","Hexachlorobenzene",0.0055,0.0055,0.0055,0.0055,3,3
"707","Somchair","Indeno(1,2,3-c,d)pyrene",0.00333333333333333,0.002,0.004,0.004,2,2
"708","Somchair","Iron",167.982295302013,0,24790.53,0.9,2,4
"709","Somchair","Isodrin",0.015,0.015,0.015,0.015,1,3
"710","Somchair","Lead",12.6704700479042,0.05,144.7,4.9,2,4
"711","Somchair","Macrozoobenthos",2.02158461538462,0,2.83,2.15,8,4
"712","Somchair","Magnesium",23.365833337963,7.05,66.15,21.125,2,4
"713","Somchair","Manganese",14.1798379310345,0,1027.1,0.06,2,3
"714","Somchair","Mercury",0.0534154639175258,0,0.541,0.045,4,6
"715","Somchair","Methoxychlor",0.116,0.104,0.128,0.116,1,2
"716","Somchair","Methylosmoline",51.7803225806452,0.264,130.541,4.514,1,2
"717","Somchair","Metolachlor",0.047,0,0.389,0.021,2,2
"718","Somchair","Naphthalene",0.01125,0.01,0.0125,0.01125,3,5
"719","Somchair","Nickel",6.26740768461538,0,80,2.6,2,2
"720","Somchair","Nitrates",1.84465718309859,0.5085,7.62,1.7875,3,4
"721","Somchair","Nitrites",0.0468633098591549,0,1.2,0.03,3,3
"722","Somchair","Orthophosphate-phosphorus",0.0399868661971831,0,0.2924,0.0295,9,9
"723","Somchair","Oxygen saturation",81.2663094761905,23.9,108.6,83.45,8,8
"724","Somchair","p,p-DDD",0.0824285714285714,0,0.542,0.026,4,5
"725","Somchair","p,p-DDE",0.0241470588235294,0,0.289,0.0075,6,2
"726","Somchair","p,p-DDT",0.0533858267716535,0,1.32,0.01,1,4
"727","Somchair","PAHs",6.55,6.55,6.55,6.55,4,4
"728","Somchair","PCB 101",0.00166666666666667,0.001,0.002,0.002,2,2
"729","Somchair","PCB 118",0.002,0.002,0.002,0.002,1,1
"730","Somchair","PCB 138",0.00166666666666667,0.001,0.002,0.002,4,2
"731","Somchair","PCB 153",0.00166666666666667,0.001,0.002,0.002,4,1
"732","Somchair","PCB 180",0.00166666666666667,0.001,0.002,0.002,4,3
"733","Somchair","PCB 28",0.001,0.001,0.001,0.001,2,2
"734","Somchair","PCB 52",0.001,0.001,0.001,0.001,2,2
"735","Somchair","Pentachlorobenzene",0.004,0.004,0.004,0.004,1,1
"736","Somchair","Petroleum hydrocarbons",1.34167142857143,0,34,0.045,1,2
"737","Somchair","Phenanthrene",0.005,0.005,0.005,0.005,1,1
"738","Somchair","Potassium",4.93073684210526,1.4,15.4,4.2,4,3
"739","Somchair","Selenium",1.16842857142857,0.036,3.5,0.85,1,1
"740","Somchair","Silica (SiO2)",7.2909156626506,1.9,16.8,6.78,3,7
"741","Somchair","Simazine",0.09916,0.014,0.281,0.073,7,7
"742","Somchair","Sodium",39.1083157894737,18.4,81.7,36.4,3,5
"743","Somchair","Sulfides",0.0612,0.015,0.1,0.034,5,1
"744","Somchair","Sulphates",60.2717647,22.8,176,57.15,4,2
"745","Somchair","Tetrachloromethane",0.162903225806452,0.025,0.25,0.25,6,4
"746","Somchair","Total coliforms",53.0029342105263,0,1300,3.5,4,4
"747","Somchair","Total dissolved phosphorus",0.05728,0.008,0.199,0.044,5,3
"748","Somchair","Total dissolved salts",446.970198675497,0,929,439,2,6
"749","Somchair","Total extractable matter",1.18090909090909,0.12,6,0.19,4,4
"750","Somchair","Total hardness",159.284891783784,12.3,276.56,145.5,5,6
"751","Somchair","Total nitrogen",2.41975897435897,0.766,5.78,2.33,4,4
"752","Somchair","Total organic carbon",8.88071428571429,4.21,33.4,6.71,1,1
"753","Somchair","Total phosphorus",0.103744160583942,0,0.979,0.0675,6,5
"754","Somchair","Trifluralin",0.1,0.1,0.1,0.1,1,1
"755","Somchair","Water temperature",13.5934628975265,0,29,13,8,7
"756","Somchair","Zinc",48.8721739130435,0,639,31,3,5
"757","Tansanee","Aldrin",0.009,0.009,0.009,0.009,8,8
"758","Tansanee","Ammonium",1.37028787878788,0.01,14.869,0.3245,2,1
"759","Tansanee","Anionic active surfactants",0.040614696969697,0,0.273,0,8,8
"760","Tansanee","Anthracene",0.002,0,0.004,0.002,8,8
"761","Tansanee","Arsenic",4.26709090909091,0,17.138,3.048,1,1
"762","Tansanee","Atrazine",0.00217391304347826,0,0.05,0,9,9
"763","Tansanee","Benzo(a)anthracene",0.0035,0.002,0.005,0.0035,3,2
"764","Tansanee","Benzo(a)pyrene",0.002,0.002,0.002,0.002,3,3
"765","Tansanee","Benzo(b)fluoranthene",0.0021,0.002,0.0022,0.0021,4,4
"766","Tansanee","Benzo(g,h,i)perylene",0.002,0.002,0.002,0.002,6,6
"767","Tansanee","Benzo(k)fluoranthene",0.0021,0.002,0.0022,0.0021,3,3
"768","Tansanee","Bicarbonates",253.922356321839,81.9,382.5,245.2,1,2
"769","Tansanee","Biochemical Oxygen",5.4062967032967,0,74.71,3.37,2,1
"770","Tansanee","Cadmium",0.321428571428571,0.25,0.75,0.25,9,9
"771","Tansanee","Calcium",85.5377857142857,24.85,121.8,88.93,1,2
"772","Tansanee","Chemical Oxygen Demand (Cr)",59.2528229166667,5,431.09,50.61,1,1
"773","Tansanee","Chemical Oxygen Demand (Mn)",6.87947368421053,0,28.54,5.94,3,3
"774","Tansanee","Chlorides",199.517,85.8,341,191.861,1,2
"775","Tansanee","Chromium",1.62384615384615,0.5,4.81,1,9,9
"776","Tansanee","Copper",6.36823529411765,1.5,13.43,6.27,9,10
"777","Tansanee","Dieldrin",0.008,0.008,0.008,0.008,8,8
"778","Tansanee","Dissolved organic carbon",3.75166666666667,2.78,5.63,3.63,4,3
"779","Tansanee","Dissolved oxygen",8.89371134020618,2.72,15.96,8.92,5,1
"780","Tansanee","Dissolved silicates",5.20618181818182,0.424,16.154,4.99,4,4
"781","Tansanee","Endrin",0.0365,0.0365,0.0365,0.0365,8,8
"782","Tansanee","Fluoranthene",0.0045,0.003,0.006,0.0045,3,3
"783","Tansanee","gamma-Hexachlorocyclohexane",0.000833333333333333,0,0.02,0,8,8
"784","Tansanee","Indeno(1,2,3-c,d)pyrene",0,0,0,0,7,7
"785","Tansanee","Inorganic nitrogen",4.82091304347826,0.215,21.063,1.956,1,1
"786","Tansanee","Iron",0.184375,0,0.63,0.15,10,9
"787","Tansanee","Lead",2.12142857142857,0,5.49,1.5,9,10
"788","Tansanee","Macrozoobenthos",2.2925,2.14,2.43,2.3,4,8
"789","Tansanee","Magnesium",20.7700952380952,6.912,63.23,18.805,3,5
"790","Tansanee","Manganese",0.113737704918033,0,0.595,0.06,9,10
"791","Tansanee","Mercury",0.01175,0,0.032,0.0075,10,10
"792","Tansanee","Naphthalene",0.002,0.002,0.002,0.002,8,8
"793","Tansanee","Nickel",3.98888888888889,3.5,7.9,3.5,6,10
"794","Tansanee","Nitrates",2.73909160305343,0.133,17.3,2.162,1,1
"795","Tansanee","Nitrites",0.134492424242424,0,2.052,0.078,1,1
"796","Tansanee","Orthophosphate-phosphorus",0.0841274809160305,0,0.305,0.082,3,8
"797","Tansanee","Oxygen saturation",86.9356701030928,35.01,199.75,81.06,3,1
"798","Tansanee","p,p-DDT",0,0,0,0,9,9
"799","Tansanee","Petroleum hydrocarbons",0.179871428571429,0,0.6171,0.13,7,8
"800","Tansanee","Phenanthrene",0.003,0.003,0.003,0.003,8,8
"801","Tansanee","Potassium",7.714,7.03,8.96,7.54,1,6
"802","Tansanee","Simazine",0.05,0.05,0.05,0.05,8,8
"803","Tansanee","Sodium",233.28,195.73,290.9,235.4,1,1
"804","Tansanee","Sulphates",103.722093023256,59.34,145.2,104.656,1,4
"805","Tansanee","Total dissolved salts",733.912441860465,455.2,1053,731,1,3
"806","Tansanee","Total hardness",266.734028571429,159.696,378.378,265.59,1,2
"807","Tansanee","Total nitrogen",6.76949019607843,1.908,22.52,3.516,1,1
"808","Tansanee","Total organic carbon",4.17147058823529,2.73,10.6,3.73,7,4
"809","Tansanee","Total phosphorus",0.20049465648855,0.039,0.424,0.188,2,8
"810","Tansanee","Water temperature",14.2460317460317,0,34,14.5,2,2
"811","Tansanee","Zinc",29.9666666666667,3,154,25,8,9
